{
	"141ilpowt5glbhp1": {
		"definition": "fyrdmg+5",
		"x": -253.1715728752538,
		"y": 115.53553390593274,
		"root": true
	},
	"wu2zc7xcpwjp7ewa": {
		"definition": "infusion_etyr",
		"x": 204.50516977073718,
		"y": -123.74611443447402,
		"root": false
	},
	"03uw1se43yuutps2": {
		"definition": "infusion_corruption",
		"x": 131.36358566101484,
		"y": -194.56862546612007,
		"root": false
	},
	"2r6gwuy3rfi0qhvg": {
		"definition": "maxhealth+5",
		"x": 81.78381067250409,
		"y": -122.0539644249864,
		"root": false
	},
	"eon2d0g9geekepri": {
		"definition": "maxhealth+5",
		"x": -90.61396103067892,
		"y": -21.43261184457488,
		"root": false
	},
	"sgcbg3rzuu9wun78": {
		"definition": "fyrdmg+5",
		"x": -64.26345596729058,
		"y": 4.949747468305833,
		"root": false
	},
	"wqkmrcibelxl413m": {
		"definition": "maxhealth+5",
		"x": 228.35330559107436,
		"y": -71.37138714629216,
		"root": false
	},
	"9k0pkn4u5cnt32ag": {
		"definition": "maxhealth+5",
		"x": 104.7542095461894,
		"y": 49.41512830646314,
		"root": false
	},
	"8g0m9yrel63lkfda": {
		"definition": "fyrdmg+5",
		"x": 74.57323002869595,
		"y": -177.96822737746692,
		"root": false
	},
	"fu25k9i4opgsty9s": {
		"definition": "maxhealth+5",
		"x": 35.7948602871211,
		"y": -216.0074028987798,
		"root": false
	},
	"wzhyg0e77zk694yd": {
		"definition": "fyrdmg+5",
		"x": 5.019671585968625,
		"y": -176.1040009203531,
		"root": false
	},
	"j70itpcax27y0q2u": {
		"definition": "fyrdmg+5",
		"x": 169.43843630522068,
		"y": -34.472696020605326,
		"root": false
	}
}